
{
   "allowSleep" : true,
   "autoClearForces" : true,
   "body" : 
   [
      
      {
         "angle" : 0,
         "angularVelocity" : 0,
         "awake" : true,
         "fixture" : 
         [
            
            {
               "density" : 1,
               "friction" : 0.2,
               "name" : "fixture5",
               "polygon" : 
               {
                  "vertices" : 
                  {
                     "x" : [ 0.50, 0.50, -4.562014579772949, -5.637252807617188 ],
                     "y" : [ -0.50, 0.50, 5.438136100769043, -1.814180374145508 ]
                  }
               }
            }
         ],
         "linearVelocity" : 0,
         "massData-I" : 360.5532836914062,
         "massData-center" : 
         {
            "x" : -3.018055915832520,
            "y" : 1.122401237487793
         },
         "massData-mass" : 24.07912826538086,
         "name" : "body5",
         "position" : 
         {
            "x" : 4.844285011291504,
            "y" : 12.67767810821533
         },
         "type" : 2
      },
      
      {
         "angle" : 0,
         "angularVelocity" : 0,
         "awake" : true,
         "fixture" : 
         [
            
            {
               "density" : 1,
               "friction" : 0.2,
               "name" : "fixture4",
               "polygon" : 
               {
                  "vertices" : 
                  {
                     "x" : 
                     [
                        0.50,
                        0.3117449879646301,
                        -0.1112599968910217,
                        -0.4504840075969696,
                        -0.4504840075969696,
                        -0.1112610027194023,
                        0.3117449879646301
                     ],
                     "y" : 
                     [
                        0.0,
                        0.3909159898757935,
                        0.4874640107154846,
                        0.2169419974088669,
                        -0.2169419974088669,
                        -0.4874640107154846,
                        -0.3909159898757935
                     ]
                  }
               }
            }
         ],
         "linearVelocity" : 0,
         "massData-I" : 0.07478066533803940,
         "massData-center" : 
         {
            "x" : 2.070309079726940e-07,
            "y" : -3.811860693758717e-08
         },
         "massData-mass" : 0.6841025352478027,
         "name" : "body4",
         "position" : 
         {
            "x" : 4.688620567321777,
            "y" : 10.61208343505859
         },
         "type" : 2
      },
      
      {
         "angle" : 0,
         "angularVelocity" : 0,
         "awake" : true,
         "fixture" : 
         [
            
            {
               "density" : 1,
               "friction" : 0.2,
               "name" : "fixture3",
               "polygon" : 
               {
                  "vertices" : 
                  {
                     "x" : [ 0.50, 0.50, -0.50, -0.50 ],
                     "y" : [ -0.50, 0.50, 0.50, -0.50 ]
                  }
               }
            }
         ],
         "linearVelocity" : 0,
         "massData-I" : 0.1666666716337204,
         "massData-mass" : 1,
         "name" : "body3",
         "position" : 
         {
            "x" : 5.042222023010254,
            "y" : 8.381673812866211
         },
         "type" : 2
      },
      
      {
         "angle" : 0,
         "angularVelocity" : 0,
         "awake" : true,
         "fixture" : 
         [
            
            {
               "circle" : 
               {
                  "center" : 0,
                  "radius" : 0.50
               },
               "density" : 1,
               "friction" : 0.2,
               "name" : "fixture2"
            }
         ],
         "linearVelocity" : 0,
         "massData-I" : 0.09817477315664291,
         "massData-mass" : 0.7853981852531433,
         "name" : "body2",
         "position" : 
         {
            "x" : 6.417764663696289,
            "y" : 7.094764709472656
         },
         "type" : 2
      },
      
      {
         "angle" : 0,
         "angularVelocity" : 0,
         "awake" : true,
         "fixture" : 
         [
            
            {
               "density" : 1,
               "friction" : 0.2,
               "name" : "fixture1",
               "polygon" : 
               {
                  "vertices" : 
                  {
                     "x" : [ 0.50, 0.50, -0.50, -0.50 ],
                     "y" : [ -0.50, 0.50, 0.50, -0.50 ]
                  }
               }
            }
         ],
         "linearVelocity" : 0,
         "name" : "body1",
         "position" : 
         {
            "x" : 8.840343475341797,
            "y" : 7.25207519531250
         },
         "type" : 0
      },
      
      {
         "angle" : 0,
         "angularVelocity" : 0,
         "awake" : true,
         "fixture" : 
         [
            
            {
               "chain" : 
               {
                  "vertices" : 
                  {
                     "x" : [ -12.16995048522949, 9.197117805480957 ],
                     "y" : [ 0.0, 0.03162574768066406 ]
                  }
               },
               "density" : 1,
               "friction" : 0.2,
               "name" : "fixture0"
            }
         ],
         "linearVelocity" : 0,
         "name" : "body0",
         "position" : 
         {
            "x" : 10.03090000152588,
            "y" : -0.02302739955484867
         },
         "type" : 0
      }
   ],
   "collisionbitplanes" : 
   {
      "names" : 
      [
         "bitplane1",
         "bitplane2",
         "bitplane3",
         "bitplane4",
         "bitplane5",
         "bitplane6",
         "bitplane7",
         "bitplane8",
         "bitplane9",
         "bitplane10",
         "bitplane11",
         "bitplane12",
         "bitplane13",
         "bitplane14",
         "bitplane15",
         "bitplane16",
         "bitplane17",
         "bitplane18",
         "bitplane19",
         "bitplane20",
         "bitplane21",
         "bitplane22",
         "bitplane23",
         "bitplane24",
         "bitplane25",
         "bitplane26",
         "bitplane27",
         "bitplane28",
         "bitplane29",
         "bitplane30",
         "bitplane31",
         "bitplane32"
      ]
   },
   "continuousPhysics" : true,
   "gravity" : 
   {
      "x" : 0,
      "y" : -10.0
   },
   "joint" : 
   [
      
      {
         "anchorA" : 0,
         "anchorB" : 
         {
            "x" : -0.07783222198486328,
            "y" : -1.032799720764160
         },
         "bodyA" : 1,
         "bodyB" : 0,
         "dampingRatio" : 0,
         "frequency" : 0,
         "length" : 1.035730004310608,
         "name" : "joint3",
         "type" : "distance"
      },
      
      {
         "anchorA" : 0,
         "anchorB" : 
         {
            "x" : -0.1768012046813965,
            "y" : 1.115200042724609
         },
         "bodyA" : 1,
         "bodyB" : 2,
         "dampingRatio" : 0,
         "frequency" : 0,
         "length" : 1.129130005836487,
         "name" : "joint2",
         "type" : "distance"
      },
      
      {
         "anchorA" : 0,
         "anchorB" : 
         {
            "x" : 0.6877708435058594,
            "y" : -0.6434550285339355
         },
         "bodyA" : 3,
         "bodyB" : 2,
         "dampingRatio" : 0,
         "frequency" : 0,
         "length" : 0.9418399930000305,
         "name" : "joint1",
         "type" : "distance"
      },
      
      {
         "anchorA" : 0,
         "anchorB" : 
         {
            "x" : 1.211289882659912,
            "y" : 0.07865524291992188
         },
         "bodyA" : 4,
         "bodyB" : 3,
         "dampingRatio" : 0,
         "frequency" : 0,
         "length" : 1.213840007781982,
         "name" : "joint0",